trialIndexGlobal,timestampMs,mouseX,mouseY
1,2150,822,687
1,2250,822,687
1,2350,822,687
1,2450,822,687
1,2567,822,687
1,2667,822,687
1,2784,822,687
1,2900,822,687
1,3016,822,687
1,3116,822,687
1,3217,822,687
1,3318,822,687
1,3433,822,687
1,3534,822,687
1,3634,822,687
1,3749,822,687
1,3866,822,687
1,3966,822,687
1,4082,822,687
1,4183,822,687
1,4283,822,687
1,4384,822,687
1,4499,822,687
1,4599,822,687
1,4700,822,687
1,4800,822,687
1,4916,822,687
1,5016,822,687
1,5133,822,687
1,5233,817,481
1,5333,817,481
1,5434,817,481
1,5550,817,481
1,5667,817,481
1,5783,NaN,NaN
1,5900,NaN,NaN
1,6000,NaN,NaN
1,6116,NaN,NaN
1,6217,NaN,NaN
1,6317,NaN,NaN
1,6417,NaN,NaN
1,6534,NaN,NaN
1,6634,NaN,NaN
1,6749,NaN,NaN
1,6867,NaN,NaN
1,6984,NaN,NaN
1,7100,NaN,NaN
1,7217,NaN,NaN
1,7333,NaN,NaN
1,7433,NaN,NaN
1,7533,NaN,NaN
1,7650,NaN,NaN
1,7750,NaN,NaN
1,7850,NaN,NaN
1,7966,NaN,NaN
1,8067,NaN,NaN
1,8183,NaN,NaN
1,8284,NaN,NaN
1,8400,NaN,NaN
1,8517,NaN,NaN
1,8633,NaN,NaN
1,8749,NaN,NaN
1,8849,NaN,NaN
1,8949,NaN,NaN
1,9050,NaN,NaN
1,9166,NaN,NaN
1,9266,NaN,NaN
1,9383,NaN,NaN
1,9483,NaN,NaN
1,9599,NaN,NaN
1,9700,NaN,NaN
1,9816,NaN,NaN
1,9916,NaN,NaN
1,10016,NaN,NaN
1,10132,NaN,NaN
1,10232,NaN,NaN
1,10333,NaN,NaN
1,10449,NaN,NaN
1,10550,NaN,NaN
1,10666,NaN,NaN
1,10783,NaN,NaN
1,10899,NaN,NaN
1,11016,NaN,NaN
1,11132,NaN,NaN
1,11232,NaN,NaN
1,11332,NaN,NaN
1,11432,NaN,NaN
1,11532,NaN,NaN
1,11632,NaN,NaN
1,11750,NaN,NaN
1,11866,NaN,NaN
1,11982,NaN,NaN
1,12083,NaN,NaN
1,12150,NaN,NaN
2,12333,NaN,NaN
2,12433,NaN,NaN
2,12534,NaN,NaN
2,12650,NaN,NaN
2,12766,NaN,NaN
2,12882,NaN,NaN
2,12982,NaN,NaN
2,13099,NaN,NaN
2,13201,NaN,NaN
2,13316,NaN,NaN
2,13416,NaN,NaN
2,13516,NaN,NaN
2,13632,NaN,NaN
2,13732,NaN,NaN
2,13832,NaN,NaN
2,13934,NaN,NaN
2,14050,NaN,NaN
2,14166,NaN,NaN
2,14282,NaN,NaN
2,14383,NaN,NaN
2,14500,NaN,NaN
2,14600,NaN,NaN
2,14716,NaN,NaN
2,14816,NaN,NaN
2,14933,NaN,NaN
2,15033,NaN,NaN
2,15149,NaN,NaN
2,15250,NaN,NaN
2,15366,752,422
2,15466,717,217
2,15566,745,89
2,15667,745,86
2,15783,745,86
2,15899,810,183
2,15999,817,217
2,16099,861,277
2,16216,872,296
2,16332,878,325
2,16433,877,324
2,16533,877,325
2,16634,877,325
2,16734,877,325
2,16849,912,345
2,16966,952,375
2,17083,963,389
2,17199,965,397
2,17317,965,397
2,17432,965,397
2,17533,771,422
2,17649,726,413
2,17766,717,417
2,17883,711,420
2,17983,711,421
2,18099,711,421
2,18199,753,493
2,18300,755,497
2,18416,714,477
2,18516,699,461
2,18617,699,461
2,18733,699,461
2,18849,750,513
2,18966,766,527
2,19082,768,528
2,19183,768,528
2,19283,768,528
2,19399,778,586
2,19516,785,618
2,19616,791,644
2,19716,796,667
2,19832,801,689
2,19933,802,695
2,20033,803,695
2,20134,803,695
2,20249,803,695
2,20366,804,703
2,20483,805,710
2,20498,805,710
3,20667,805,710
3,20783,805,710
3,20899,805,710
3,21000,805,710
3,21117,805,710
3,21232,844,557
3,21332,852,461
3,21433,853,449
3,21534,853,449
3,21650,853,449
3,21750,853,449
3,21866,853,449
3,21983,853,449
3,22099,852,453
3,22216,837,465
3,22316,833,463
3,22417,833,459
3,22532,836,455
3,22633,847,450
3,22733,848,449
3,22849,849,451
3,22949,849,451
3,23066,843,410
3,23166,846,397
3,23266,846,397
3,23383,853,380
3,23499,873,336
3,23599,884,315
3,23716,818,478
3,23816,818,493
3,23916,736,576
3,24032,770,489
3,24132,830,427
3,24249,839,382
3,24366,844,365
3,24466,846,365
3,24566,847,357
3,24683,847,357
3,24783,847,357
3,24899,852,430
3,24999,862,502
3,25116,866,518
3,25232,866,521
3,25333,866,521
3,25449,866,521
3,25566,791,593
3,25666,789,594
3,25783,788,595
3,25883,788,595
3,25999,754,563
3,26099,720,535
3,26216,695,519
3,26332,694,519
3,26449,694,519
3,26549,694,519
3,26649,786,675
3,26749,793,683
3,26866,816,709
3,26966,822,717
3,27038,826,722
4,27218,826,722
4,27333,826,722
4,27434,826,722
4,27550,826,722
4,27666,826,722
4,27767,826,722
4,27867,826,722
4,27982,841,695
4,28099,916,510
4,28199,916,506
4,28300,916,506
4,28401,916,506
4,28517,916,506
4,28617,916,506
4,28717,916,506
4,28833,916,506
4,28949,916,506
4,29050,916,506
4,29168,916,506
4,29284,916,506
4,29384,916,506
4,29499,916,506
4,29600,916,506
4,29716,904,510
4,29816,872,497
4,29932,857,476
4,30032,853,467
4,30149,844,453
4,30266,805,473
4,30383,795,467
4,30483,795,467
4,30600,795,467
4,30716,717,365
4,30833,707,357
4,30949,691,350
4,31050,691,350
4,31167,691,350
4,31282,853,347
4,31382,907,348
4,31499,916,348
4,31600,947,347
4,31716,947,347
4,31818,947,347
4,31932,884,410
4,32049,869,420
4,32149,868,421
4,32250,868,421
4,32366,868,421
4,32466,869,541
4,32566,869,543
4,32683,869,543
4,32783,869,543
4,32899,862,571
4,33016,841,669
4,33132,837,689
4,33249,836,697
4,33349,835,700
4,33466,835,700
4,33566,835,700
4,33666,828,728
4,33739,826,740
5,33916,826,740
5,34016,826,740
5,34132,826,740
5,34233,826,740
5,34333,826,740
5,34450,826,740
5,34567,826,740
5,34684,826,740
5,34784,826,740
5,34899,826,740
5,35016,836,619
5,35116,837,609
5,35216,837,609
5,35333,837,609
5,35449,837,609
5,35566,837,609
5,35682,837,609
5,35799,837,609
5,35899,837,609
5,36016,834,609
5,36132,824,580
5,36249,822,572
5,36349,821,570
5,36465,819,572
5,36566,817,572
5,36682,797,573
5,36782,779,577
5,36882,769,581
5,36999,801,485
5,37099,786,485
5,37200,761,489
5,37315,715,481
5,37415,695,457
5,37515,693,454
5,37616,693,454
5,37716,693,454
5,37832,687,487
5,37933,684,510
5,38049,683,508
5,38150,683,508
5,38266,683,508
5,38367,683,508
5,38482,683,508
5,38582,683,457
5,38682,683,443
5,38783,683,441
5,38899,683,441
5,39016,681,531
5,39132,681,579
5,39232,683,584
5,39333,685,604
5,39449,685,605
5,39550,685,605
5,39665,753,599
5,39766,825,603
5,39882,839,605
5,39982,841,606
5,40082,841,606
5,40183,841,606
5,40299,839,678
5,40416,838,703
5,40532,836,710
5,40632,836,717
5,40652,836,717
6,40833,836,717
6,40934,836,717
6,41050,836,717
6,41151,836,717
6,41266,837,712
6,41382,850,672
6,41483,850,672
6,41584,850,672
6,41699,850,672
6,41799,850,672
6,41900,850,672
6,42017,850,672
6,42117,850,672
6,42233,850,672
6,42333,850,672
6,42449,850,672
6,42550,850,672
6,42650,850,672
6,42750,850,672
6,42867,850,672
6,42982,850,672
6,43084,850,672
6,43200,850,672
6,43300,850,672
6,43416,850,672
6,43533,850,672
6,43649,860,648
6,43765,872,614
6,43865,815,463
6,43966,807,444
6,44082,795,388
6,44182,792,337
6,44299,787,337
6,44415,785,338
6,44517,785,338
6,44632,830,368
6,44749,928,428
6,44849,943,434
6,44966,947,438
6,45066,947,438
6,45183,947,438
6,45299,939,560
6,45399,943,572
6,45516,949,600
6,45633,950,614
6,45749,950,614
6,45866,950,614
6,45966,832,595
6,46082,810,601
6,46182,801,603
6,46282,790,604
6,46383,790,604
6,46499,790,604
6,46600,790,604
6,46701,790,604
6,46816,795,642
6,46916,808,704
6,47032,809,705
6,47083,809,706
7,47266,809,706
7,47366,809,706
7,47482,809,706
7,47599,809,706
7,47699,809,706
7,47815,809,706
7,47916,809,706
7,48032,811,704
7,48132,811,704
7,48233,811,704
7,48334,811,704
7,48434,811,704
7,48550,811,704
7,48666,811,704
7,48767,811,704
7,48884,811,704
7,49000,811,704
7,49100,811,704
7,49200,811,704
7,49300,811,704
7,49416,811,704
7,49516,811,704
7,49633,811,704
7,49734,811,704
7,49849,811,704
7,49965,818,686
7,50066,832,648
7,50182,857,559
7,50282,817,481
7,50399,817,481
7,50515,835,444
7,50615,857,379
7,50715,883,306
7,50815,898,303
7,50916,927,311
7,51032,941,327
7,51149,947,336
7,51265,947,336
7,51366,947,336
7,51482,942,532
7,51582,947,536
7,51699,960,584
7,51815,960,592
7,51916,960,593
7,52033,960,593
7,52149,934,596
7,52266,875,613
7,52382,871,613
7,52483,871,613
7,52599,871,613
7,52716,792,611
7,52832,788,611
7,52932,788,611
7,53033,788,611
7,53149,802,691
7,53265,808,726
7,53366,808,730
7,53466,809,733
7,53567,809,733
7,53683,809,733
7,53783,809,733
7,53869,809,733
8,54049,809,733
8,54150,809,733
8,54266,809,733
8,54366,809,733
8,54482,809,733
8,54599,809,733
8,54716,809,733
8,54816,809,733
8,54932,809,733
8,55049,817,719
8,55149,818,719
8,55249,818,719
8,55366,818,719
8,55466,818,719
8,55582,818,719
8,55699,818,719
8,55799,818,719
8,55916,818,719
8,56032,818,719
8,56133,818,719
8,56233,818,719
8,56349,818,719
8,56466,818,719
8,56566,818,666
8,56666,818,647
8,56768,818,647
8,56882,818,647
8,56999,818,600
8,57115,811,459
8,57215,806,446
8,57332,803,417
8,57433,800,382
8,57549,783,361
8,57649,777,358
8,57749,777,358
8,57866,777,358
8,57966,718,427
8,58066,707,431
8,58182,705,431
8,58282,705,431
8,58382,705,431
8,58499,681,516
8,58615,677,528
8,58732,677,531
8,58834,677,531
8,58949,721,567
8,59049,778,601
8,59165,778,602
8,59266,778,602
8,59367,778,602
8,59482,945,615
8,59599,963,618
8,59699,965,619
8,59816,965,619
8,59916,965,619
8,60032,899,697
8,60132,895,697
8,60232,895,697
8,60333,895,697
8,60449,870,724
8,60508,863,729
9,60683,863,729
9,60783,863,729
9,60899,863,729
9,61000,863,729
9,61100,863,729
9,61215,863,705
9,61316,863,685
9,61417,863,685
9,61533,863,685
9,61633,863,685
9,61749,863,685
9,61850,863,685
9,61950,863,685
9,62066,863,685
9,62166,863,685
9,62266,863,685
9,62382,863,685
9,62484,863,685
9,62584,863,685
9,62700,863,685
9,62800,863,685
9,62917,863,685
9,63033,863,685
9,63149,863,685
9,63265,866,681
9,63366,889,658
9,63482,903,638
9,63584,913,622
9,63699,820,477
9,63799,834,465
9,63899,848,455
9,64016,868,433
9,64133,908,435
9,64249,932,447
9,64349,935,450
9,64450,935,450
9,64550,935,450
9,64665,874,514
9,64766,860,526
9,64866,858,527
9,64967,858,527
9,65082,812,529
9,65182,774,529
9,65282,773,530
9,65383,773,530
9,65499,780,573
9,65599,786,617
9,65699,786,618
9,65815,786,618
9,65915,818,618
9,66016,870,618
9,66116,870,618
9,66217,870,618
9,66317,870,618
9,66432,853,683
9,66549,851,698
9,66649,849,701
9,66765,848,708
9,66865,836,729
9,66897,836,729
10,67067,836,729
10,67184,836,729
10,67300,836,729
10,67416,836,729
10,67517,836,729
10,67617,836,729
10,67717,836,729
10,67832,836,729
10,67949,836,729
10,68049,836,729
10,68150,836,729
10,68250,836,729
10,68350,836,729
10,68450,836,729
10,68567,836,729
10,68683,836,729
10,68800,836,729
10,68916,836,729
10,69017,836,729
10,69133,836,729
10,69233,836,729
10,69333,836,729
10,69434,836,729
10,69550,836,729
10,69666,836,725
10,69782,843,683
10,69882,844,660
10,69999,847,642
10,70099,821,476
10,70199,841,462
10,70315,901,468
10,70415,923,460
10,70515,914,444
10,70632,893,444
10,70732,887,447
10,70832,887,447
10,70949,887,447
10,71065,735,448
10,71165,722,448
10,71265,716,448
10,71366,714,448
10,71467,714,448
10,71582,712,464
10,71699,692,544
10,71799,689,551
10,71916,689,551
10,72016,689,551
10,72116,824,587
10,72232,872,600
10,72332,876,601
10,72432,879,602
10,72532,879,602
10,72633,879,602
10,72749,940,620
10,72849,940,620
10,72949,940,620
10,73065,900,675
10,73165,817,762
10,73265,817,763
10,73366,817,763
10,73482,817,763
10,73582,832,751
10,73642,837,749
11,73816,837,749
11,73932,837,749
11,74049,837,749
11,74165,837,749
11,74282,837,749
11,74382,837,749
11,74482,837,749
11,74599,837,749
11,74716,837,749
11,74816,837,749
11,74916,837,749
11,75032,837,749
11,75133,837,749
11,75234,837,749
11,75334,837,749
11,75450,837,749
11,75550,837,749
11,75650,837,749
11,75767,837,749
11,75882,837,749
11,75999,837,749
11,76117,837,749
11,76232,837,749
11,76332,818,739
11,76449,786,701
11,76549,764,674
11,76665,744,643
11,76765,730,619
11,76882,815,476
11,76982,815,471
11,77099,815,470
11,77199,799,446
11,77299,735,409
11,77415,716,388
11,77532,712,380
11,77632,701,365
11,77748,699,364
11,77849,699,364
11,77965,723,364
11,78065,746,360
11,78166,749,360
11,78266,751,360
11,78382,751,360
11,78482,779,352
11,78599,813,343
11,78715,889,333
11,78815,916,338
11,78915,934,337
11,79016,938,338
11,79132,938,338
11,79249,942,389
11,79349,951,485
11,79465,957,524
11,79566,958,528
11,79666,958,528
11,79782,958,528
11,79899,955,597
11,79999,955,617
11,80099,955,617
11,80199,955,617
11,80315,929,647
11,80415,892,707
11,80459,891,707
12,80632,891,707
12,80733,891,707
12,80848,883,702
12,80949,872,670
12,81050,871,651
12,81166,871,651
12,81282,871,651
12,81399,871,651
12,81499,871,651
12,81600,871,651
12,81716,871,651
12,81816,871,651
12,81917,871,651
12,82017,871,651
12,82133,871,651
12,82249,871,651
12,82366,871,651
12,82466,871,651
12,82582,871,651
12,82682,871,651
12,82799,899,585
12,82915,916,551
12,83015,917,543
12,83116,917,543
12,83232,917,543
12,83349,928,523
12,83449,948,482
12,83565,957,461
12,83665,817,480
12,83782,801,459
12,83898,775,441
12,83999,769,415
12,84115,821,377
12,84217,845,371
12,84332,850,365
12,84448,850,365
12,84550,850,365
12,84665,868,363
12,84766,929,354
12,84882,931,354
12,84998,931,354
12,85099,918,446
12,85215,875,579
12,85315,868,590
12,85416,868,591
12,85532,868,591
12,85632,868,591
12,85749,804,602
12,85865,797,603
12,85965,797,603
12,86065,797,603
12,86182,714,561
12,86282,707,557
12,86398,695,547
12,86498,695,547
12,86599,727,605
12,86699,792,679
12,86815,811,699
12,86915,812,699
12,87016,812,699
12,87116,812,699
12,87232,812,699
12,87332,817,713
12,87357,817,713
13,87533,817,713
13,87633,817,713
13,87733,817,713
13,87849,817,713
13,87950,817,713
13,88066,817,713
13,88166,817,713
13,88283,817,713
13,88383,817,713
13,88483,817,713
13,88599,817,713
13,88699,817,713
13,88817,817,713
13,88933,817,713
13,89033,817,713
13,89150,817,713
13,89250,817,713
13,89366,817,713
13,89482,803,713
13,89599,771,703
13,89699,768,697
13,89799,768,697
13,89915,768,697
13,90015,759,631
13,90116,759,617
13,90216,757,609
13,90332,732,579
13,90449,723,571
13,90549,817,481
13,90649,817,481
13,90766,797,474
13,90882,784,447
13,90982,777,435
13,91082,719,441
13,91182,706,441
13,91282,705,441
13,91382,705,441
13,91499,705,441
13,91599,777,497
13,91699,780,499
13,91816,780,499
13,91932,781,545
13,92032,789,580
13,92132,789,581
13,92232,789,581
13,92349,834,595
13,92465,919,626
13,92565,919,626
13,92666,919,626
13,92782,932,624
13,92882,879,615
13,92999,840,613
13,93116,840,613
13,93232,840,613
13,93348,837,681
13,93449,835,696
13,93566,834,699
13,93682,834,699
13,93783,834,699
13,93899,834,699
13,94015,833,713
13,94048,833,713
14,94216,833,713
14,94316,833,713
14,94433,833,713
14,94549,833,713
14,94650,833,713
14,94765,833,713
14,94867,833,713
14,94983,833,713
14,95099,833,713
14,95199,833,713
14,95315,833,713
14,95416,833,713
14,95532,833,713
14,95633,833,713
14,95749,833,713
14,95849,843,697
14,95966,853,678
14,96082,853,678
14,96198,853,678
14,96299,853,678
14,96415,853,678
14,96515,832,681
14,96615,815,676
14,96715,803,662
14,96816,803,662
14,96916,803,662
14,97032,803,662
14,97149,740,665
14,97249,817,481
14,97365,802,494
14,97465,789,498
14,97582,740,480
14,97682,729,541
14,97798,705,591
14,97898,693,612
14,97998,691,612
14,98115,691,612
14,98232,713,564
14,98348,769,432
14,98448,774,409
14,98549,775,382
14,98665,777,372
14,98765,777,372
14,98865,777,372
14,98981,779,473
14,99082,780,505
14,99182,780,508
14,99282,780,508
14,99385,780,508
14,99499,804,510
14,99615,848,516
14,99715,848,516
14,99817,848,516
14,99932,886,516
14,100032,929,519
14,100132,930,520
14,100232,930,520
14,100348,938,478
14,100465,947,434
14,100582,947,434
14,100683,947,434
14,100798,918,517
14,100898,898,618
14,100999,884,663
14,101115,859,712
14,101215,851,739
14,101234,851,739
15,101416,851,739
15,101516,851,739
15,101617,851,739
15,101732,851,739
15,101832,851,739
15,101933,851,739
15,102033,851,739
15,102149,851,739
15,102250,851,739
15,102366,851,739
15,102483,851,739
15,102599,851,739
15,102699,851,739
15,102799,851,739
15,102915,839,682
15,103032,849,642
15,103148,859,624
15,103248,859,624
15,103349,859,624
15,103466,859,624
15,103582,779,638
15,103698,705,595
15,103798,693,552
15,103899,703,515
15,103999,706,512
15,104116,706,512
15,104232,693,510
15,104348,690,466
15,104448,826,479
15,104549,852,487
15,104665,856,533
15,104765,828,491
15,104865,732,389
15,104965,720,375
15,105082,713,357
15,105199,709,353
15,105315,709,353
15,105416,709,353
15,105532,758,353
15,105632,771,353
15,105748,771,353
15,105865,793,351
15,105965,845,349
15,106065,849,349
15,106165,849,349
15,106282,883,362
15,106398,912,364
15,106499,922,361
15,106599,922,361
15,106715,922,361
15,106832,789,402
15,106932,761,426
15,107048,753,431
15,107149,752,431
15,107265,759,470
15,107365,770,521
15,107465,771,525
15,107565,771,526
15,107666,771,526
15,107782,779,637
15,107882,784,661
15,107998,793,703
15,108098,795,712
15,108170,795,713
16,108349,795,713
16,108449,795,713
16,108549,795,713
16,108649,795,713
16,108766,795,713
16,108882,795,713
16,108983,795,713
16,109099,795,713
16,109200,795,713
16,109316,795,713
16,109416,795,713
16,109516,795,713
16,109632,795,713
16,109733,795,713
16,109848,795,713
16,109948,795,713
16,110065,795,713
16,110165,795,713
16,110265,795,713
16,110366,795,713
16,110482,821,604
16,110582,831,549
16,110682,831,533
16,110782,816,515
16,110882,816,515
16,110982,816,515
16,111098,812,507
16,111198,791,437
16,111315,793,415
16,111415,822,480
16,111532,798,473
16,111648,767,439
16,111749,718,383
16,111849,691,342
16,111965,687,339
16,112065,687,339
16,112166,687,339
16,112282,718,358
16,112382,841,425
16,112498,851,431
16,112599,859,433
16,112715,859,433
16,112832,896,433
16,112932,973,445
16,113049,975,447
16,113149,975,447
16,113249,975,447
16,113365,971,469
16,113465,966,498
16,113582,963,521
16,113682,963,527
16,113799,963,527
16,113915,858,573
16,114016,823,607
16,114132,821,607
16,114248,811,607
16,114348,803,606
16,114448,803,606
16,114549,803,606
16,114665,673,600
16,114782,669,600
16,114899,669,600
16,115015,669,600
16,115115,787,680
16,115232,828,712
16,115332,828,714
16,115448,830,728
16,115482,831,728
17,115649,831,728
17,115749,831,728
17,115865,831,728
17,115982,831,728
17,116082,831,728
17,116198,835,718
17,116299,847,684
17,116399,847,684
17,116516,847,684
17,116633,847,684
17,116750,847,684
17,116865,847,684
17,116982,847,684
17,117099,847,684
17,117215,847,684
17,117315,862,623
17,117415,872,584
17,117516,872,583
17,117616,872,583
17,117732,872,583
17,117832,872,583
17,117949,872,583
17,118065,896,489
17,118165,897,488
17,118282,893,491
17,118398,927,491
17,118499,1019,528
17,118615,995,548
17,118715,806,483
17,118815,827,438
17,118915,851,425
17,119032,896,381
17,119132,930,353
17,119232,936,348
17,119348,940,347
17,119449,940,347
17,119565,940,347
17,119681,711,525
17,119782,695,538
17,119882,692,539
17,119983,691,539
17,120083,691,539
17,120198,691,524
17,120299,697,459
17,120415,697,457
17,120532,697,457
17,120632,697,457
17,120748,697,433
17,120848,697,397
17,120948,697,396
17,121065,697,396
17,121165,697,396
17,121282,696,376
17,121382,695,372
17,121482,695,372
17,121582,695,372
17,121698,729,495
17,121815,765,630
17,121915,768,640
17,122015,769,642
17,122132,769,642
17,122232,769,642
17,122348,807,630
17,122465,830,625
17,122565,830,625
17,122665,830,625
17,122765,830,625
17,122882,819,732
17,122963,819,733
18,123132,819,733
18,123233,819,733
18,123349,819,733
18,123449,819,733
18,123566,819,733
18,123682,819,733
18,123782,819,733
18,123898,819,733
18,124015,819,733
18,124116,819,733
18,124233,819,733
18,124333,819,733
18,124433,819,733
18,124549,819,733
18,124649,819,733
18,124766,819,733
18,124866,819,733
18,124982,819,733
18,125082,819,733
18,125199,819,733
18,125315,821,730
18,125416,876,659
18,125532,908,576
18,125633,908,576
18,125748,908,576
18,125865,942,486
18,125965,943,481
18,126082,885,438
18,126182,815,481
18,126282,811,476
18,126398,787,443
18,126498,775,408
18,126598,784,394
18,126715,891,437
18,126815,891,438
18,126916,891,438
18,127032,891,438
18,127148,891,513
18,127248,890,515
18,127350,890,515
18,127465,899,498
18,127565,951,398
18,127666,961,382
18,127782,965,370
18,127882,965,370
18,127982,965,370
18,128098,945,369
18,128198,921,368
18,128298,917,368
18,128399,916,368
18,128516,916,368
18,128632,916,368
18,128732,889,362
18,128848,889,362
18,128948,889,362
18,129048,825,356
18,129165,798,354
18,129282,798,354
18,129382,798,354
18,129498,715,342
18,129598,713,342
18,129699,713,342
18,129815,713,342
18,129932,871,587
18,130048,901,654
18,130165,897,706
18,130265,888,734
18,130311,885,734
19,130482,885,734
19,130582,885,734
19,130683,885,734
19,130799,885,734
19,130899,885,734
19,131016,885,734
19,131116,885,734
19,131233,885,734
19,131348,885,734
19,131450,885,734
19,131566,885,734
19,131666,885,734
19,131782,885,734
19,131899,837,688
19,132016,839,657
19,132132,839,657
19,132233,839,657
19,132333,839,657
19,132433,839,657
19,132549,839,657
19,132665,848,613
19,132765,861,579
19,132866,865,575
19,132982,843,579
19,133098,831,575
19,133215,847,551
19,133315,872,533
19,133415,885,522
19,133515,822,475
19,133632,834,401
19,133748,836,367
19,133849,836,367
19,133965,852,364
19,134065,912,348
19,134165,920,344
19,134265,920,344
19,134382,920,344
19,134498,854,336
19,134598,852,336
19,134715,852,336
19,134831,852,336
19,134931,822,344
19,135032,818,345
19,135132,816,345
19,135248,816,345
19,135365,825,367
19,135465,846,407
19,135565,846,407
19,135665,846,407
19,135782,822,409
19,135898,788,418
19,135998,788,418
19,136099,788,418
19,136215,787,461
19,136332,781,491
19,136432,780,492
19,136532,780,492
19,136649,780,492
19,136765,804,659
19,136865,808,682
19,136981,813,714
19,137082,813,718
19,137134,813,718
20,137316,813,718
20,137433,813,718
20,137533,813,718
20,137649,813,718
20,137765,813,718
20,137865,803,595
20,137965,799,563
20,138066,799,563
20,138183,799,563
20,138299,799,563
20,138414,799,563
20,138516,799,563
20,138632,799,563
20,138732,799,563
20,138833,799,563
20,138948,799,563
20,139065,799,563
20,139166,799,563
20,139282,799,563
20,139383,799,563
20,139498,799,563
20,139599,799,563
20,139715,799,563
20,139815,799,563
20,139931,815,543
20,140031,838,521
20,140131,859,498
20,140232,875,483
20,140348,826,478
20,140448,842,473
20,140548,871,466
20,140665,881,464
20,140781,876,450
20,140882,875,449
20,140983,875,449
20,141099,875,449
20,141215,957,446
20,141315,963,446
20,141416,963,446
20,141531,963,446
20,141648,781,549
20,141765,777,549
20,141865,775,549
20,141966,775,549
20,142082,775,549
20,142198,767,652
20,142315,767,652
20,142416,767,652
20,142531,740,540
20,142631,707,435
20,142732,699,417
20,142848,698,415
20,142948,698,415
20,143049,698,415
20,143165,698,384
20,143265,698,380
20,143382,698,380
20,143482,698,380
20,143598,734,515
20,143698,805,716
20,143798,805,718
20,143898,807,719
20,143932,807,719
21,195048,885,698
21,195164,885,698
21,195281,902,742
21,195398,902,742
21,195514,753,649
21,195615,746,609
21,195715,746,608
21,195831,744,608
21,195931,744,608
21,196032,744,608
21,196148,744,607
21,196265,744,607
21,196381,744,607
21,196498,744,607
21,196598,744,607
21,196698,744,607
21,196798,744,607
21,196915,744,607
21,197031,744,607
21,197131,744,607
21,197248,750,603
21,197365,797,560
21,197481,811,541
21,197581,857,606
21,197698,852,606
21,197798,788,507
21,197898,821,475
21,198014,883,442
21,198115,755,512
21,198215,755,512
21,198331,728,510
21,198431,1009,347
21,198531,1027,320
21,198647,1070,259
21,198748,1071,258
21,198848,1035,270
21,198948,1020,273
21,199048,1020,274
21,199164,1003,303
21,199265,1000,312
21,199381,995,349
21,199498,989,370
21,199598,989,370
21,199714,976,428
21,199815,941,558
21,199915,941,558
21,200031,941,561
21,200131,941,561
21,200248,960,600
21,200348,988,630
21,200464,1005,656
21,200565,1007,660
21,200681,1004,658
21,200798,821,486
21,200898,705,418
21,200998,705,417
21,201114,659,352
21,201215,655,347
21,201331,642,321
21,201431,642,320
21,201531,642,319
21,201631,625,380
21,201731,625,380
21,201848,625,380
21,201964,706,549
21,202064,749,772
21,202164,755,799
21,202264,757,801
21,202381,767,806
21,202481,791,772
21,202543,791,772
22,202714,791,772
22,202815,791,772
22,202931,791,772
22,203048,791,772
22,203164,791,772
22,203265,791,772
22,203381,791,772
22,203498,791,772
22,203598,791,772
22,203714,791,772
22,203815,791,772
22,203915,791,772
22,204015,791,772
22,204131,791,772
22,204248,791,772
22,204364,791,772
22,204465,791,772
22,204581,791,772
22,204698,791,772
22,204815,791,772
22,204915,791,772
22,205015,791,772
22,205116,791,772
22,205232,767,771
22,205332,767,771
22,205448,811,740
22,205549,944,603
22,205665,959,502
22,205765,817,480
22,205881,817,478
22,205998,824,479
22,206115,944,373
22,206231,979,324
22,206331,986,321
22,206431,992,315
22,206548,992,325
22,206648,995,360
22,206748,995,361
22,206865,996,368
22,206965,990,381
22,207081,933,473
22,207182,932,474
22,207298,932,474
22,207415,930,474
22,207531,861,547
22,207647,807,615
22,207748,807,615
22,207864,803,634
22,207981,805,641
22,208081,789,647
22,208198,779,651
22,208314,743,639
22,208431,741,639
22,208548,698,664
22,208648,693,664
22,208748,681,663
22,208864,664,660
22,208965,661,660
22,209081,675,679
22,209181,714,723
22,209281,767,793
22,209381,769,801
22,209498,769,801
22,209598,769,801
22,209714,769,799
22,209815,770,791
22,209899,773,791
23,210081,773,791
23,210181,773,791
23,210298,824,753
23,210398,884,700
23,210498,888,698
23,210598,889,698
23,210714,886,686
23,210815,886,683
23,210915,886,683
23,211015,886,683
23,211131,886,683
23,211248,886,683
23,211348,886,685
23,211448,897,671
23,211564,967,598
23,211681,987,568
23,211782,991,564
23,211897,994,562
23,211997,1005,550
23,212098,1007,548
23,212198,1009,543
23,212299,1011,541
23,212415,1011,541
23,212531,1038,522
23,212631,1073,478
23,212731,1093,450
23,212848,1113,429
23,212964,1145,416
23,213064,1159,426
23,213165,856,563
23,213281,865,588
23,213381,878,555
23,213498,958,445
23,213614,976,408
23,213715,996,389
23,213815,996,388
23,213931,897,451
23,214048,708,511
23,214148,704,509
23,214264,657,471
23,214365,655,436
23,214481,636,405
23,214597,636,404
23,214698,644,451
23,214798,647,458
23,214898,647,458
23,215014,648,458
23,215131,721,563
23,215231,726,568
23,215347,726,568
23,215448,726,568
23,215548,741,625
23,215648,741,635
23,215748,741,635
23,215865,741,635
23,215981,688,663
23,216081,688,663
23,216198,688,663
23,216314,679,659
23,216431,660,664
23,216531,653,664
23,216648,653,664
23,216748,701,715
23,216865,746,757
23,216981,778,783
23,217047,785,791
24,217215,786,791
24,217331,786,791
24,217431,784,777
24,217531,766,760
24,217632,766,760
24,217747,766,760
24,217848,762,741
24,217948,762,741
24,218048,762,741
24,218164,762,741
24,218281,762,741
24,218398,762,741
24,218498,780,744
24,218614,780,744
24,218714,780,744
24,218814,780,744
24,218914,780,744
24,219031,780,744
24,219147,780,744
24,219248,780,744
24,219348,780,744
24,219448,780,744
24,219548,780,744
24,219664,812,697
24,219781,812,697
24,219898,816,701
24,220014,813,540
24,220116,814,526
24,220216,817,482
24,220331,744,528
24,220431,736,509
24,220531,719,422
24,220647,691,368
24,220748,689,340
24,220864,700,324
24,220981,721,294
24,221081,722,294
24,221181,677,325
24,221281,675,327
24,221398,653,332
24,221515,651,332
24,221631,651,335
24,221747,750,495
24,221864,817,574
24,221964,837,614
24,222081,846,627
24,222181,846,625
24,222281,866,633
24,222398,895,659
24,222498,895,659
24,222598,901,660
24,222714,949,617
24,222814,954,581
24,222916,950,562
24,223031,950,562
24,223148,971,544
24,223248,986,514
24,223365,989,506
24,223465,989,506
24,223581,987,537
24,223681,987,548
24,223798,986,551
24,223914,888,701
24,224014,865,745
24,224115,834,806
24,224215,821,832
24,224316,821,832
24,224431,826,820
24,224548,830,810
24,224648,829,780
24,224725,829,778
25,224898,829,778
25,224999,829,778
25,225115,829,778
25,225232,829,778
25,225348,829,778
25,225448,829,778
25,225548,829,778
25,225648,829,778
25,225765,829,778
25,225865,829,778
25,225981,829,776
25,226081,829,776
25,226197,829,776
25,226299,829,776
25,226415,829,776
25,226531,829,776
25,226648,826,779
25,226764,826,782
25,226865,826,782
25,226981,826,782
25,227098,829,757
25,227198,818,720
25,227298,808,690
25,227414,806,676
25,227514,806,674
25,227615,803,673
25,227715,803,673
25,227815,803,676
25,227931,799,531
25,228031,786,567
25,228148,818,532
25,228248,878,450
25,228349,906,397
25,228464,930,382
25,228564,966,402
25,228664,970,406
25,228781,970,432
25,228881,970,455
25,228982,970,455
25,229098,958,461
25,229215,925,479
25,229331,925,480
25,229431,832,508
25,229532,734,533
25,229648,731,535
25,229764,707,536
25,229864,681,508
25,229981,648,475
25,230081,633,453
25,230181,633,451
25,230298,632,463
25,230415,646,524
25,230531,649,536
25,230631,650,540
25,230731,652,543
25,230848,652,543
25,230964,636,408
25,231065,637,385
25,231165,636,359
25,231281,636,337
25,231381,636,336
25,231497,636,334
25,231597,661,384
25,231697,770,603
25,231814,784,637
25,231931,794,652
25,232048,819,704
25,232148,836,735
25,232266,838,736
25,232381,849,753
25,232498,865,768
25,232571,871,771
26,232748,870,771
26,232864,895,741
26,232964,899,741
26,233064,899,741
26,233181,899,741
26,233281,899,741
26,233397,899,741
26,233498,903,726
26,233614,903,725
26,233714,884,731
26,233814,884,731
26,233931,884,732
26,234048,884,733
26,234164,884,733
26,234281,884,733
26,234381,884,733
26,234497,884,733
26,234597,884,733
26,234714,879,724
26,234831,873,704
26,234947,873,704
26,235047,873,704
26,235164,873,703
26,235265,873,701
26,235381,889,676
26,235498,941,627
26,235614,918,662
26,235715,911,665
26,235832,817,481
26,235948,856,497
26,236064,902,464
26,236164,922,401
26,236281,972,319
26,236381,976,314
26,236481,979,309
26,236582,979,309
26,236698,900,319
26,236814,868,337
26,236932,863,339
26,237048,850,327
26,237164,846,315
26,237264,844,311
26,237365,844,311
26,237481,800,339
26,237581,792,352
26,237697,786,358
26,237797,700,383
26,237914,643,399
26,238031,626,401
26,238131,626,401
26,238247,625,417
26,238347,626,464
26,238464,627,493
26,238564,627,493
26,238664,627,512
26,238781,628,563
26,238881,628,589
26,238997,628,589
26,239097,698,620
26,239214,752,643
26,239314,752,643
26,239414,774,659
26,239514,790,670
26,239614,794,672
26,239715,802,675
26,239831,802,675
26,239948,782,672
26,240065,756,673
26,240181,754,673
26,240281,752,673
26,240381,770,673
26,240481,772,673
26,240581,772,675
26,240697,797,681
26,240799,797,681
26,240915,799,683
26,241030,845,806
26,241131,846,817
26,241248,846,817
26,241348,846,817
26,241464,840,783
26,241564,836,773
26,241577,836,773
27,241748,836,773
27,241864,836,773
27,241964,836,773
27,242081,836,773
27,242198,840,772
27,242314,840,772
27,242414,840,773
27,242531,838,766
27,242648,833,764
27,242764,833,764
27,242864,832,764
27,242965,832,764
27,243065,832,763
27,243182,832,763
27,243298,832,763
27,243415,832,760
27,243532,834,756
27,243648,857,728
27,243764,871,714
27,243864,871,714
27,243981,872,714
27,244082,892,699
27,244198,906,681
27,244298,892,688
27,244399,892,689
27,244514,880,695
27,244631,856,669
27,244731,888,657
27,244847,799,531
27,244964,823,471
27,245081,802,498
27,245197,821,486
27,245297,823,485
27,245414,825,485
27,245514,872,495
27,245614,879,494
27,245714,896,503
27,245831,901,505
27,245947,908,561
27,246047,911,569
27,246147,926,593
27,246249,927,593
27,246364,937,606
27,246464,970,637
27,246564,992,660
27,246681,1001,671
27,246781,1001,672
27,246882,911,657
27,246997,845,648
27,247097,808,645
27,247198,797,648
27,247314,761,649
27,247431,747,651
27,247548,744,651
27,247648,744,651
27,247764,701,668
27,247881,701,668
27,247981,701,668
27,248081,685,665
27,248197,667,662
27,248297,666,662
27,248398,646,644
27,248514,640,640
27,248614,649,650
27,248714,724,730
27,248831,799,798
27,248931,799,798
27,249031,811,808
27,249147,801,744
27,249248,801,740
27,249364,801,740
27,249465,801,740
27,249581,801,740
27,249681,816,775
27,249719,816,775
28,249898,816,775
28,250014,816,775
28,250114,817,775
28,250231,829,764
28,250332,829,764
28,250447,830,765
28,250564,827,748
28,250665,827,747
28,250781,827,748
28,250881,837,758
28,250981,837,758
28,251081,837,758
28,251182,837,758
28,251298,837,758
28,251415,837,758
28,251515,837,758
28,251615,837,758
28,251731,837,758
28,251831,837,758
28,251931,837,758
28,252047,837,758
28,252164,837,758
28,252280,837,758
28,252381,837,758
28,252481,845,750
28,252597,847,740
28,252714,847,740
28,252831,847,734
28,252931,816,481
28,253031,826,515
28,253147,887,588
28,253264,931,541
28,253381,923,547
28,253481,879,587
28,253597,877,587
28,253714,875,584
28,253831,849,577
28,253932,843,577
28,254047,838,572
28,254148,838,572
28,254264,733,639
28,254365,731,639
28,254481,727,658
28,254598,727,659
28,254714,787,633
28,254814,899,599
28,254931,912,583
28,255031,950,557
28,255131,959,557
28,255247,978,571
28,255347,997,585
28,255447,997,585
28,255564,994,628
28,255680,999,657
28,255781,1003,663
28,255898,1003,623
28,256014,995,541
28,256114,997,501
28,256214,999,476
28,256314,1003,433
28,256414,1006,410
28,256530,1006,394
28,256631,1005,391
28,256747,802,416
28,256847,751,409
28,256964,721,393
28,257064,692,369
28,257164,671,353
28,257281,653,334
28,257397,644,326
28,257513,644,326
28,257615,644,326
28,257731,639,354
28,257848,631,374
28,257948,631,374
28,258048,631,374
28,258164,726,493
28,258264,791,663
28,258380,854,819
28,258481,871,868
28,258581,874,869
28,258697,874,869
28,258797,866,833
28,258914,863,805
28,259014,863,786
28,259116,863,786
28,259232,863,786
28,259254,863,786
29,259431,863,786
29,259547,863,786
29,259648,863,786
29,259748,863,787
29,259865,863,789
29,259981,863,789
29,260082,863,790
29,260198,863,790
29,260316,863,790
29,260431,863,790
29,260547,863,790
29,260648,863,790
29,260765,863,790
29,260881,863,790
29,260981,863,790
29,261097,863,790
29,261198,863,790
29,261298,863,790
29,261415,863,790
29,261515,863,790
29,261632,863,790
29,261748,877,778
29,261864,939,640
29,261981,951,585
29,262081,960,578
29,262182,959,581
29,262298,959,581
29,262414,945,571
29,262514,793,489
29,262631,757,502
29,262748,727,529
29,262864,740,435
29,262964,704,367
29,263065,679,311
29,263181,662,293
29,263298,629,268
29,263414,629,268
29,263531,649,286
29,263647,707,332
29,263764,767,350
29,263864,770,345
29,263981,801,337
29,264081,803,336
29,264181,809,336
29,264297,876,307
29,264414,914,287
29,264514,932,286
29,264631,983,321
29,264747,997,340
29,264847,1016,360
29,264964,1019,361
29,265081,1019,351
29,265197,1017,336
29,265297,1004,299
29,265398,1004,298
29,265514,965,318
29,265614,876,409
29,265714,862,420
29,265814,862,420
29,265914,871,462
29,266031,908,472
29,266147,917,475
29,266264,895,472
29,266381,818,488
29,266498,809,488
29,266614,786,488
29,266731,762,480
29,266831,756,477
29,266931,740,470
29,267032,740,470
29,267148,722,556
29,267264,742,608
29,267364,749,616
29,267481,781,642
29,267581,797,652
29,267698,798,654
29,267814,779,643
29,267930,746,635
29,268030,737,629
29,268131,737,629
29,268231,738,631
29,268347,755,657
29,268464,785,702
29,268565,800,727
29,268681,809,736
29,268797,832,766
29,268897,833,767
29,268901,833,767
30,269081,833,767
30,269198,833,767
30,269315,814,735
30,269416,814,735
30,269530,814,735
30,269630,814,735
30,269731,814,735
30,269848,814,735
30,269965,839,675
30,270081,842,671
30,270181,842,671
30,270281,842,671
30,270381,842,671
30,270497,842,671
30,270598,842,671
30,270714,842,671
30,270814,842,671
30,270930,842,671
30,271031,842,673
30,271131,842,673
30,271248,842,673
30,271364,842,673
30,271464,842,673
30,271580,928,580
30,271680,1074,426
30,271781,1080,419
30,271897,1089,468
30,271997,1089,468
30,272097,817,481
30,272197,856,436
30,272314,936,377
30,272431,963,360
30,272547,986,476
30,272647,991,506
30,272747,1003,536
30,272847,1000,562
30,272948,1000,562
30,273064,995,562
30,273164,895,580
30,273265,893,577
30,273381,893,577
30,273497,893,575
30,273614,839,530
30,273714,833,520
30,273814,826,503
30,273914,826,502
30,274015,826,502
30,274130,853,476
30,274231,873,460
30,274347,873,459
30,274464,902,400
30,274564,902,400
30,274665,902,400
30,274780,887,383
30,274897,865,362
30,274997,846,343
30,275098,820,316
30,275214,819,316
30,275330,791,326
30,275430,672,371
30,275547,650,375
30,275647,595,388
30,275747,597,383
30,275847,611,365
30,275964,625,354
30,276064,642,339
30,276164,642,339
30,276264,642,339
30,276380,638,370
30,276481,643,393
30,276581,643,394
30,276682,643,394
30,276797,697,636
30,276897,743,745
30,277014,765,762
30,277131,778,771
30,277216,780,772
31,277397,782,772
31,277498,782,772
31,277615,782,772
31,277731,782,772
31,277847,782,772
31,277948,782,772
31,278064,782,772
31,278165,782,772
31,278282,782,772
31,278398,782,772
31,278514,782,772
31,278630,782,772
31,278731,782,772
31,278831,782,772
31,278932,782,772
31,279048,782,772
31,279149,782,772
31,279265,782,772
31,279381,782,772
31,279481,782,772
31,279597,782,772
31,279697,782,772
31,279798,782,772
31,279914,782,772
31,280030,848,696
31,280130,923,578
31,280231,959,497
31,280347,1016,384
31,280464,830,462
31,280564,838,474
31,280664,838,474
31,280781,838,474
31,280897,877,427
31,280997,923,370
31,281113,954,342
31,281214,986,309
31,281314,1001,291
31,281414,1003,289
31,281530,950,334
31,281648,928,352
31,281764,925,356
31,281864,905,365
31,281980,827,398
31,282081,825,398
31,282197,813,397
31,282297,777,367
31,282414,746,327
31,282515,743,325
31,282630,743,314
31,282731,743,314
31,282848,666,384
31,282964,661,389
31,283064,658,389
31,283181,651,391
31,283297,664,404
31,283414,707,450
31,283514,710,454
31,283614,710,454
31,283714,748,515
31,283815,813,610
31,283930,838,627
31,284047,854,630
31,284148,884,646
31,284263,894,648
31,284364,897,650
31,284480,885,746
31,284580,869,769
31,284680,866,775
31,284780,865,783
31,284806,865,783
32,284981,865,784
32,285081,865,784
32,285181,865,784
32,285297,865,784
32,285397,865,784
32,285498,865,784
32,285614,865,784
32,285714,865,784
32,285815,865,784
32,285915,865,784
32,286031,865,784
32,286147,865,784
32,286264,865,784
32,286380,865,784
32,286480,865,784
32,286597,865,784
32,286698,865,784
32,286814,865,784
32,286915,865,784
32,287031,865,784
32,287133,865,784
32,287248,865,784
32,287348,865,784
32,287465,865,784
32,287580,891,710
32,287680,925,599
32,287780,965,442
32,287881,980,404
32,287981,817,481
32,288098,817,481
32,288198,821,385
32,288314,850,290
32,288430,884,251
32,288547,969,289
32,288647,986,285
32,288764,1012,309
32,288864,1018,315
32,288964,1016,319
32,289081,1009,361
32,289181,1010,367
32,289281,1006,373
32,289398,938,383
32,289514,938,383
32,289614,931,378
32,289730,877,340
32,289831,859,315
32,289947,843,290
32,290047,843,289
32,290147,841,289
32,290264,785,449
32,290364,778,488
32,290480,771,511
32,290580,757,529
32,290680,745,518
32,290797,733,501
32,290897,733,501
32,290997,737,534
32,291098,749,573
32,291214,754,580
32,291330,755,581
32,291430,754,622
32,291547,747,653
32,291647,747,664
32,291747,747,664
32,291864,755,672
32,291980,793,734
32,292081,811,746
32,292153,813,748
33,292331,823,757
33,292448,826,759
33,292548,827,759
33,292664,827,742
33,292764,827,737
33,292864,827,737
33,292981,827,736
33,293097,827,728
33,293198,827,728
33,293298,827,728
33,293414,826,728
33,293531,826,728
33,293631,826,728
33,293748,826,728
33,293864,826,728
33,293980,826,728
33,294081,826,728
33,294197,826,728
33,294298,826,728
33,294398,826,728
33,294498,826,728
33,294614,826,728
33,294715,826,728
33,294831,826,728
33,294947,858,643
33,295047,901,561
33,295164,935,492
33,295264,946,448
33,295380,823,460
33,295480,833,438
33,295580,846,408
33,295697,869,370
33,295797,916,336
33,295914,939,310
33,296014,969,316
33,296114,985,310
33,296231,989,310
33,296331,923,344
33,296447,873,374
33,296564,835,400
33,296682,829,401
33,296797,825,404
33,296898,696,465
33,297014,661,490
33,297115,621,510
33,297231,618,513
33,297347,705,571
33,297447,841,611
33,297547,844,613
33,297664,845,619
33,297780,852,641
33,297881,852,641
33,297981,852,641
33,298097,889,584
33,298197,900,570
33,298297,900,570
33,298398,900,571
33,298514,926,570
33,298630,962,582
33,298731,983,592
33,298847,992,592
33,298964,992,592
33,299064,996,646
33,299180,996,654
33,299297,996,655
33,299397,928,742
33,299497,883,781
33,299613,855,796
33,299713,853,800
33,299830,853,801
33,299930,853,801
33,300030,851,796
33,300147,847,791
33,300159,847,791
34,300331,847,791
34,300447,847,791
34,300548,847,790
34,300664,847,790
34,300764,847,790
34,300880,842,783
34,300981,841,780
34,301097,836,776
34,301197,823,774
34,301297,835,658
34,301413,870,554
34,301514,870,554
34,301630,870,554
34,301730,870,554
34,301847,870,554
34,301948,870,554
34,302064,870,554
34,302164,870,554
34,302280,870,554
34,302380,870,554
34,302497,870,554
34,302597,870,554
34,302713,870,554
34,302814,877,531
34,302930,902,448
34,303030,898,422
34,303130,891,412
34,303230,879,406
34,303331,817,481
34,303447,835,443
34,303548,858,402
34,303664,850,387
34,303765,816,348
34,303881,805,338
34,303997,774,307
34,304097,771,305
34,304197,748,283
34,304297,746,279
34,304413,747,281
34,304530,779,294
34,304630,782,295
34,304730,796,326
34,304848,811,384
34,304965,811,384
34,305081,802,396
34,305197,709,449
34,305297,675,468
34,305397,669,472
34,305513,630,496
34,305616,628,496
34,305730,708,466
34,305847,912,354
34,305947,927,342
34,306064,963,308
34,306180,998,324
34,306280,1016,340
34,306381,1027,350
34,306497,1017,369
34,306597,975,450
34,306713,939,486
34,306814,931,487
34,306930,975,382
34,307031,996,346
34,307147,1009,324
34,307264,1011,320
34,307364,981,370
34,307480,934,461
34,307581,929,467
34,307698,909,488
34,307813,907,491
34,307914,907,505
34,308014,913,543
34,308114,914,545
34,308230,899,554
34,308330,831,586
34,308431,827,586
34,308547,827,587
34,308647,887,605
34,308763,966,650
34,308864,969,651
34,308980,990,676
34,309081,991,677
34,309197,991,677
34,309297,888,723
34,309413,866,732
34,309513,853,747
34,309630,849,766
34,309681,853,771
35,309864,853,771
35,309964,853,771
35,310080,853,771
35,310180,850,767
35,310297,849,727
35,310397,895,512
35,310497,915,457
35,310613,915,457
35,310714,915,457
35,310830,915,457
35,310931,915,457
35,311031,915,457
35,311131,915,457
35,311247,915,457
35,311364,915,457
35,311464,915,457
35,311581,915,457
35,311698,915,457
35,311813,915,457
35,311914,915,457
35,312030,915,457
35,312131,915,457
35,312248,915,457
35,312364,921,453
35,312464,922,452
35,312564,923,451
35,312680,929,449
35,312780,937,447
35,312880,820,482
35,312997,840,495
35,313097,842,498
35,313197,844,498
35,313297,869,563
35,313414,871,607
35,313531,880,641
35,313648,890,664
35,313764,891,664
35,313880,790,699
35,313981,716,729
35,314097,710,731
35,314198,678,741
35,314314,663,713
35,314414,654,691
35,314514,643,647
35,314614,642,641
35,314731,647,625
35,314847,728,459
35,314964,801,371
35,315081,837,335
35,315181,863,314
35,315297,879,312
35,315397,905,314
35,315514,921,316
35,315630,916,318
35,315747,759,360
35,315864,673,380
35,315980,630,386
35,316097,631,366
35,316213,647,334
35,316313,647,334
35,316414,647,334
35,316514,627,409
35,316614,623,425
35,316714,625,426
35,316831,723,392
35,316947,723,392
35,317064,725,392
35,317164,727,388
35,317280,765,396
35,317397,774,398
35,317497,774,398
35,317614,768,424
35,317730,776,434
35,317831,805,407
35,317931,806,406
35,318047,796,421
35,318163,760,461
35,318264,752,464
35,318364,752,464
35,318480,790,597
35,318580,802,729
35,318681,810,763
35,318797,811,763
35,318914,818,769
35,318976,822,771
36,319147,822,772
36,319248,822,772
36,319364,822,770
36,319480,818,746
36,319580,812,729
36,319681,812,729
36,319798,812,729
36,319914,814,709
36,320014,814,708
36,320115,814,708
36,320230,814,707
36,320331,819,701
36,320448,819,701
36,320563,819,697
36,320663,808,679
36,320764,802,678
36,320881,802,677
36,320981,802,677
36,321081,802,677
36,321197,813,656
36,321313,848,623
36,321430,876,595
36,321530,882,587
36,321630,896,575
36,321730,902,575
36,321830,915,595
36,321931,934,621
36,322046,946,644
36,322147,958,675
36,322247,842,511
36,322347,851,521
36,322463,867,496
36,322563,868,494
36,322663,880,479
36,322780,892,474
36,322880,897,480
36,322980,893,535
36,323097,893,538
36,323197,893,538
36,323314,837,598
36,323430,766,660
36,323547,731,688
36,323647,712,705
36,323747,688,701
36,323863,671,690
36,323963,659,650
36,324064,659,650
36,324164,659,650
36,324280,646,610
36,324380,646,554
36,324481,651,542
36,324597,657,504
36,324697,658,500
36,324814,658,500
36,324930,658,500
36,325030,640,455
36,325147,637,430
36,325263,632,412
36,325364,632,412
36,325480,638,362
36,325580,643,325
36,325680,643,325
36,325797,649,317
36,325897,655,307
36,326013,686,328
36,326113,703,339
36,326230,713,341
36,326331,719,341
36,326447,719,341
36,326547,727,386
36,326648,727,388
36,326764,728,389
36,326880,807,552
36,326980,837,739
36,327081,847,773
36,327196,850,778
36,327297,850,779
36,327320,850,779
37,327498,850,779
37,327614,843,757
37,327714,843,756
37,327814,843,756
37,327931,843,756
37,328031,843,756
37,328131,843,756
37,328247,830,737
37,328347,815,724
37,328447,815,724
37,328564,847,702
37,328664,847,702
37,328781,847,702
37,328897,858,668
37,328997,858,668
37,329114,858,669
37,329230,858,669
37,329347,859,669
37,329447,861,669
37,329547,861,669
37,329647,861,669
37,329764,861,669
37,329864,861,669
37,329964,861,669
37,330064,861,669
37,330181,861,669
37,330296,919,645
37,330397,949,628
37,330497,978,612
37,330597,844,470
37,330713,872,472
37,330813,889,465
37,330913,927,414
37,331014,955,365
37,331130,983,334
37,331247,1007,318
37,331347,1008,317
37,331465,999,323
37,331580,946,358
37,331681,934,359
37,331797,931,360
37,331914,816,406
37,332031,810,413
37,332147,761,396
37,332247,755,396
37,332363,753,396
37,332463,746,398
37,332564,750,438
37,332681,755,467
37,332797,755,469
37,332914,769,472
37,333030,850,504
37,333131,851,504
37,333247,851,506
37,333348,845,532
37,333463,842,542
37,333563,836,549
37,333663,836,550
37,333764,891,551
37,333880,906,555
37,333980,912,557
37,334081,912,558
37,334196,926,591
37,334297,928,639
37,334397,929,640
37,334514,929,640
37,334630,906,688
37,334730,885,720
37,334830,882,733
37,334946,880,757
37,335047,879,774
37,335053,879,774
38,335230,879,776
38,335330,879,776
38,335447,879,776
38,335564,893,763
38,335664,893,763
38,335764,894,763
38,335880,897,755
38,335980,898,740
38,336097,898,740
38,336214,898,740
38,336331,898,740
38,336447,898,740
38,336547,898,740
38,336647,898,740
38,336763,898,740
38,336863,898,740
38,336963,898,740
38,337064,898,740
38,337180,898,740
38,337281,898,740
38,337381,898,740
38,337497,898,740
38,337613,842,774
38,337730,814,784
38,337831,814,784
38,337931,814,784
38,338031,814,784
38,338147,814,784
38,338263,817,481
38,338363,817,481
38,338480,810,494
38,338580,788,513
38,338681,760,544
38,338797,718,601
38,338914,685,647
38,339030,669,668
38,339130,666,668
38,339230,665,669
38,339331,663,670
38,339431,663,670
38,339547,691,609
38,339664,713,577
38,339780,735,540
38,339897,740,503
38,339997,736,495
38,340098,732,492
38,340198,730,492
38,340298,784,481
38,340414,842,487
38,340530,861,487
38,340630,883,493
38,340730,900,495
38,340830,900,495
38,340947,866,386
38,341047,859,370
38,341165,836,358
38,341281,820,354
38,341397,820,350
38,341497,828,326
38,341597,828,326
38,341697,833,311
38,341814,840,319
38,341930,875,367
38,342047,902,395
38,342147,906,399
38,342263,918,393
38,342380,959,373
38,342480,962,373
38,342596,965,373
38,342697,965,373
38,342797,976,341
38,342897,978,339
38,342997,978,339
38,343113,977,342
38,343213,911,621
38,343313,863,734
38,343414,854,750
38,343530,828,801
38,343630,828,803
38,343747,828,803
38,343847,828,803
38,343963,826,777
38,344037,826,774
39,344213,826,771
39,344314,826,771
39,344431,826,771
39,344547,826,771
39,344663,828,768
39,344780,829,768
39,344881,829,768
39,344997,829,768
39,345097,829,768
39,345213,829,768
39,345313,829,768
39,345414,829,768
39,345514,829,768
39,345614,829,768
39,345714,829,768
39,345830,850,759
39,345930,838,768
39,346047,838,768
39,346163,838,768
39,346263,842,759
39,346380,866,737
39,346496,894,691
39,346597,904,662
39,346714,904,662
39,346831,904,662
39,346940,879,635
39,347047,852,663
39,347163,833,695
39,347263,802,540
39,347364,819,564
39,347480,835,550
39,347580,855,443
39,347696,849,368
39,347796,851,335
39,347897,852,306
39,348013,852,306
39,348114,852,306
39,348230,781,333
39,348330,734,365
39,348431,725,372
39,348547,725,372
39,348663,766,434
39,348763,793,450
39,348880,829,480
39,348996,835,483
39,349097,847,494
39,349197,885,536
39,349297,915,556
39,349397,930,564
39,349513,931,565
39,349630,977,526
39,349730,1009,500
39,349847,1016,488
39,349964,1022,479
39,350080,976,498
39,350180,844,552
39,350297,839,558
39,350413,813,577
39,350530,777,579
39,350630,754,558
39,350747,739,549
39,350863,739,549
39,350981,756,623
39,351097,759,632
39,351197,759,632
39,351313,698,663
39,351414,651,680
39,351514,651,680
39,351630,651,680
39,351747,769,706
39,351863,800,723
39,351964,816,740
39,352081,816,740
39,352197,822,748
39,352313,830,762
39,352396,843,778
40,352565,843,778
40,352680,843,778
40,352780,843,778
40,352880,842,775
40,352997,830,763
40,353113,830,763
40,353231,830,760
40,353346,830,760
40,353446,829,758
40,353563,829,758
40,353680,829,758
40,353780,829,758
40,353880,829,758
40,353996,829,753
40,354113,829,752
40,354213,829,745
40,354330,829,745
40,354430,829,745
40,354531,829,744
40,354646,827,742
40,354746,821,726
40,354863,817,696
40,354963,827,651
40,355063,855,590
40,355164,889,503
40,355264,923,436
40,355380,949,380
40,355480,952,372
40,355597,836,525
40,355713,842,557
40,355813,842,557
40,355914,864,410
40,356030,912,302
40,356131,935,288
40,356246,972,283
40,356347,1000,313
40,356463,1005,320
40,356580,1003,333
40,356696,995,399
40,356797,990,452
40,356897,991,460
40,357013,998,483
40,357114,998,483
40,357231,958,541
40,357347,928,605
40,357447,927,610
40,357563,918,643
40,357663,918,645
40,357763,907,639
40,357880,835,626
40,357980,835,626
40,358081,834,627
40,358197,831,627
40,358313,829,627
40,358430,777,593
40,358530,765,572
40,358630,759,563
40,358747,747,553
40,358863,747,553
40,358980,744,529
40,359096,729,471
40,359196,729,471
40,359296,725,449
40,359396,721,426
40,359497,721,426
40,359613,700,394
40,359730,678,368
40,359846,642,330
40,359947,639,308
40,360047,638,300
40,360163,638,301
40,360279,754,545
40,360379,867,697
40,360479,870,702
40,360579,872,705
40,360679,877,734
40,360780,864,757
40,360880,852,771
40,360935,852,771
41,364514,871,691
41,364631,871,691
41,364746,871,691
41,364847,871,691
41,364947,871,691
41,365063,871,691
41,365163,871,691
41,365264,871,691
41,365380,871,691
41,365480,871,691
41,365580,871,691
41,365681,871,691
41,365797,871,691
41,365913,874,686
41,366031,886,670
41,366146,892,654
41,366247,895,650
41,366363,895,650
41,366480,912,638
41,366596,930,614
41,366697,930,613
41,366813,928,613
41,366913,936,602
41,367013,950,596
41,367114,938,672
41,367230,914,708
41,367330,916,742
41,367446,946,743
41,367547,823,476
41,367647,843,461
41,367764,879,439
41,367880,887,439
41,367996,911,579
41,368097,923,599
41,368197,919,593
41,368313,927,593
41,368413,933,596
41,368530,917,619
41,368630,886,653
41,368746,880,659
41,368863,866,672
41,368963,866,675
41,369063,866,675
41,369180,866,675
41,369296,894,638
41,369397,959,451
41,369497,971,410
41,369613,999,364
41,369730,1014,356
41,369830,1014,356
41,369946,981,394
41,370046,967,417
41,370147,963,429
41,370263,954,434
41,370363,914,447
41,370480,900,452
41,370580,900,452
41,370680,880,442
41,370796,846,404
41,370897,830,383
41,371013,794,354
41,371113,790,352
41,371213,770,350
41,371314,766,351
41,371430,748,358
41,371530,745,359
41,371630,733,364
41,371746,700,380
41,371863,699,381
41,371980,697,384
41,372080,693,387
41,372196,653,420
41,372296,653,420
41,372396,652,420
41,372496,652,419
41,372597,652,418
41,372713,643,420
41,372830,621,421
41,372930,621,421
41,373030,621,421
41,373146,620,421
41,373246,626,422
41,373347,662,449
41,373447,716,472
41,373563,716,472
41,373663,716,472
41,373780,716,472
41,373880,716,472
41,373997,716,472
41,374113,710,458
41,374213,710,459
41,374330,708,458
41,374430,708,457
41,374513,723,440
42,374698,723,441
42,374813,724,429
42,374913,672,489
42,375031,662,504
42,375146,679,486
42,375263,712,461
42,375364,712,461
42,375480,712,461
42,375597,712,461
42,375714,712,460
42,375830,712,460
42,375930,712,460
42,376046,712,460
42,376147,712,460
42,376247,712,460
42,376363,712,460
42,376463,712,460
42,376563,712,460
42,376663,712,460
42,376764,712,460
42,376880,712,460
42,376997,712,460
42,377114,806,492
42,377230,884,506
42,377330,909,520
42,377430,909,520
42,377531,909,520
42,377646,918,502
42,377764,842,480
42,377880,850,493
42,377996,894,499
42,378097,945,421
42,378213,980,359
42,378329,1014,360
42,378430,1036,354
42,378546,1041,356
42,378646,1041,357
42,378747,990,430
42,378863,965,471
42,378980,943,496
42,379097,934,509
42,379197,934,509
42,379313,986,553
42,379413,1007,581
42,379529,1028,594
42,379629,1044,606
42,379730,1046,606
42,379830,1008,626
42,379946,894,685
42,380046,888,689
42,380163,870,711
42,380263,854,724
42,380363,846,726
42,380480,816,715
42,380596,807,710
42,380713,801,705
42,380814,798,703
42,380930,798,702
42,381030,771,676
42,381146,730,637
42,381247,722,625
42,381363,698,604
42,381480,698,604
42,381580,697,578
42,381696,697,559
42,381796,693,521
42,381896,692,519
42,382014,700,470
42,382130,729,336
42,382246,760,305
42,382363,776,282
42,382480,781,277
42,382581,808,271
42,382697,833,267
42,382813,833,267
42,382929,843,312
42,383030,883,498
42,383146,885,762
42,383263,879,841
42,383380,866,876
42,383496,850,866
42,383598,828,801
42,383714,826,796
42,383792,826,795
43,383963,824,795
43,384063,824,795
43,384163,823,795
43,384279,823,793
43,384380,823,793
43,384496,823,793
43,384613,823,793
43,384713,823,793
43,384830,823,793
43,384930,823,793
43,385046,823,794
43,385146,823,793
43,385246,823,793
43,385363,823,793
43,385480,823,793
43,385596,823,793
43,385713,823,793
43,385813,823,793
43,385914,823,793
43,386030,823,793
43,386130,823,793
43,386247,823,793
43,386347,823,793
43,386463,830,783
43,386563,843,765
43,386664,846,757
43,386780,860,739
43,386881,864,735
43,386997,820,479
43,387113,841,461
43,387230,868,489
43,387347,876,511
43,387463,827,646
43,387579,805,682
43,387680,806,693
43,387796,813,691
43,387913,830,687
43,388015,845,698
43,388130,847,699
43,388246,818,695
43,388346,687,674
43,388446,677,674
43,388546,669,681
43,388647,669,681
43,388763,667,680
43,388864,627,583
43,388979,609,549
43,389096,589,476
43,389197,589,476
43,389297,609,442
43,389413,683,352
43,389529,712,324
43,389629,749,294
43,389730,784,258
43,389830,784,258
43,389930,793,268
43,390030,902,300
43,390146,942,302
43,390247,1107,340
43,390364,1113,342
43,390479,1030,374
43,390580,1025,365
43,390680,1030,350
43,390796,1030,350
43,390913,972,453
43,391030,970,477
43,391130,967,482
43,391246,961,498
43,391346,959,500
43,391463,921,514
43,391563,884,522
43,391663,884,522
43,391764,884,522
43,391879,900,493
43,391980,918,480
43,392080,930,477
43,392196,930,477
43,392297,913,438
43,392413,897,426
43,392529,864,390
43,392630,864,386
43,392747,862,373
43,392863,862,373
43,392980,869,423
43,393080,910,660
43,393196,872,815
43,393297,851,860
43,393413,850,864
43,393530,850,864
43,393630,846,845
43,393746,851,819
43,393792,851,819
44,393964,851,819
44,394080,851,819
44,394180,851,819
44,394296,851,819
44,394397,869,799
44,394497,869,799
44,394614,870,792
44,394730,877,783
44,394830,877,784
44,394930,877,783
44,395047,877,783
44,395163,907,750
44,395280,946,701
44,395380,960,675
44,395496,972,637
44,395596,973,633
44,395713,969,638
44,395814,963,642
44,395930,963,643
44,396046,963,645
44,396146,963,645
44,396247,963,645
44,396347,963,645
44,396463,973,542
44,396580,958,496
44,396680,958,496
44,396796,952,517
44,396913,953,521
44,397030,817,481
44,397146,809,453
44,397262,805,419
44,397363,820,382
44,397479,856,356
44,397579,883,321
44,397696,885,272
44,397797,879,261
44,397913,864,250
44,398013,849,287
44,398129,804,397
44,398230,795,415
44,398330,793,415
44,398446,786,421
44,398547,786,421
44,398663,786,421
44,398780,780,436
44,398896,765,463
44,398996,745,485
44,399096,737,493
44,399197,704,522
44,399313,704,523
44,399429,695,537
44,399530,670,573
44,399630,645,605
44,399730,602,630
44,399830,599,632
44,399947,599,632
44,400063,600,632
44,400163,642,676
44,400280,647,683
44,400396,654,689
44,400497,675,708
44,400613,675,708
44,400713,747,662
44,400813,867,567
44,400929,924,525
44,401030,961,491
44,401146,1002,540
44,401246,1007,562
44,401346,1009,576
44,401447,996,601
44,401563,981,578
44,401663,953,548
44,401763,935,516
44,401863,935,514
44,401964,933,516
44,402079,879,595
44,402180,873,604
44,402296,868,606
44,402397,867,607
44,402513,890,616
44,402613,993,670
44,402713,994,672
44,402829,1017,687
44,402930,1021,688
44,403047,1021,689
44,403164,961,791
44,403279,917,817
44,403396,890,820
44,403496,867,825
44,403603,847,826
45,403780,847,826
45,403881,847,825
45,403996,847,822
45,404116,851,812
45,404230,859,796
45,404330,863,784
45,404447,863,784
45,404547,863,784
45,404647,863,784
45,404763,863,784
45,404880,877,773
45,404996,877,773
45,405097,877,772
45,405213,877,748
45,405330,883,672
45,405430,871,663
45,405546,868,664
45,405646,867,664
45,405763,867,664
45,405863,867,664
45,405979,943,618
45,406080,951,622
45,406180,952,622
45,406296,945,603
45,406396,928,564
45,406513,903,546
45,406613,901,546
45,406713,901,546
45,406813,817,481
45,406930,838,501
45,407046,856,510
45,407163,896,481
45,407280,901,501
45,407396,944,523
45,407497,961,527
45,407613,961,529
45,407729,876,510
45,407829,868,512
45,407930,856,521
45,408046,855,521
45,408146,876,605
45,408247,876,614
45,408363,876,614
45,408480,876,649
45,408596,870,703
45,408696,869,718
45,408813,869,729
45,408929,838,635
45,409046,793,530
45,409146,771,497
45,409246,748,463
45,409363,747,450
45,409479,747,450
45,409580,746,445
45,409680,712,389
45,409796,712,389
45,409896,706,377
45,410013,697,362
45,410129,680,353
45,410246,639,323
45,410363,624,307
45,410463,606,284
45,410579,591,266
45,410680,591,266
45,410796,607,348
45,410896,669,555
45,410996,673,567
45,411113,711,672
45,411213,717,686
45,411313,718,686
45,411413,718,686
45,411530,711,684
45,411630,708,684
45,411746,708,684
45,411863,727,702
45,411979,777,758
45,412080,806,784
45,412180,817,798
45,412296,827,811
45,412385,829,813
46,412564,829,813
46,412680,831,795
46,412780,826,763
46,412880,826,763
46,412997,825,756
46,413113,825,752
46,413213,825,752
46,413313,825,752
46,413429,861,716
46,413546,889,618
46,413647,889,618
46,413763,889,618
46,413863,873,602
46,413963,868,570
46,414080,868,570
46,414180,868,570
46,414297,868,570
46,414413,868,570
46,414530,868,570
46,414630,868,570
46,414746,868,570
46,414863,868,570
46,414963,868,570
46,415080,881,546
46,415196,898,514
46,415312,943,460
46,415413,977,433
46,415513,1004,435
46,415630,829,489
46,415746,839,515
46,415862,808,548
46,415962,793,557
46,416063,766,549
46,416163,756,545
46,416279,756,545
46,416380,735,538
46,416496,709,532
46,416612,701,529
46,416713,701,529
46,416830,697,509
46,416946,695,502
46,417063,697,485
46,417163,698,468
46,417263,699,468
46,417364,702,462
46,417479,820,464
46,417580,852,470
46,417680,865,476
46,417796,893,479
46,417896,914,460
46,418013,925,456
46,418129,941,456
46,418230,941,456
46,418347,941,444
46,418447,937,332
46,418564,938,330
46,418680,938,330
46,418796,942,310
46,418896,943,302
46,418996,951,282
46,419113,951,282
46,419230,958,281
46,419346,989,296
46,419446,1022,309
46,419547,1033,308
46,419663,1035,308
46,419763,1035,308
46,419879,831,298
46,419996,786,299
46,420096,786,298
46,420213,796,272
46,420330,796,272
46,420430,854,256
46,420547,923,246
46,420663,966,248
46,420763,972,248
46,420879,1006,250
46,420979,1006,250
46,421079,1006,250
46,421180,1006,250
46,421296,980,382
46,421396,945,598
46,421512,903,722
46,421612,873,758
46,421713,842,821
46,421829,824,852
46,421929,824,852
46,422029,822,843
46,422146,830,806
46,422246,834,794
46,422300,834,794
47,422479,834,794
47,422596,832,808
47,422696,832,808
47,422796,832,808
47,422913,832,808
47,423013,832,808
47,423113,832,808
47,423229,861,756
47,423329,861,754
47,423430,861,754
47,423546,824,797
47,423663,825,800
47,423763,832,796
47,423879,1080,678
47,423996,902,828
47,424096,1006,755
47,424213,1006,755
47,424313,1006,755
47,424430,1006,757
47,424530,1006,757
47,424646,1006,757
47,424747,1006,756
47,424862,1040,746
47,424963,1067,744
47,425079,1062,781
47,425180,1066,789
47,425283,1115,770
47,425396,1224,772
47,425513,829,499
47,425629,887,549
47,425729,922,562
47,425846,922,560
47,425963,970,468
47,426063,978,431
47,426179,973,397
47,426280,965,381
47,426396,956,365
47,426513,956,365
47,426613,963,412
47,426730,963,412
47,426846,963,412
47,426963,973,477
47,427063,995,647
47,427163,1009,671
47,427279,1026,689
47,427379,1028,693
47,427496,1027,693
47,427596,1026,693
47,427696,1026,693
47,427813,1008,691
47,427913,969,693
47,428013,969,694
47,428113,969,694
47,428213,968,695
47,428329,834,660
47,428446,808,600
47,428546,796,588
47,428662,758,533
47,428762,758,532
47,428863,758,532
47,428979,737,559
47,429079,718,573
47,429180,680,599
47,429296,678,600
47,429396,678,600
47,429496,651,571
47,429612,634,555
47,429713,621,545
47,429813,612,537
47,429929,612,537
47,430046,597,626
47,430147,607,682
47,430264,624,714
47,430380,629,720
47,430480,629,722
47,430596,629,722
47,430712,707,782
47,430829,742,802
47,430930,753,807
47,431046,759,809
47,431096,763,809
48,431280,764,809
48,431380,764,809
48,431496,780,788
48,431596,787,782
48,431713,787,782
48,431813,787,770
48,431929,784,750
48,432029,784,750
48,432130,784,748
48,432246,784,748
48,432346,784,748
48,432463,784,748
48,432563,784,749
48,432663,784,750
48,432781,784,750
48,432896,784,750
48,432997,784,750
48,433113,784,750
48,433213,784,750
48,433330,784,750
48,433446,784,750
48,433546,784,750
48,433663,784,750
48,433763,784,750
48,433880,789,737
48,433996,801,687
48,434096,799,683
48,434212,799,683
48,434313,803,445
48,434429,765,377
48,434546,760,350
48,434663,741,321
48,434779,710,303
48,434879,681,271
48,434996,675,267
48,435112,671,263
48,435212,622,264
48,435313,595,268
48,435429,589,269
48,435546,589,269
48,435646,674,400
48,435763,705,445
48,435880,705,445
48,435996,705,445
48,436096,705,445
48,436212,726,455
48,436330,747,458
48,436447,758,458
48,436563,769,457
48,436680,772,451
48,436796,823,303
48,436912,843,271
48,437013,855,249
48,437114,855,249
48,437229,813,328
48,437329,735,489
48,437446,693,560
48,437563,646,625
48,437679,613,660
48,437796,603,663
48,437896,594,635
48,438012,594,635
48,438129,638,620
48,438230,842,562
48,438346,902,520
48,438446,945,500
48,438546,976,505
48,438662,1006,530
48,438763,1030,552
48,438879,1031,553
48,438996,1004,567
48,439112,962,598
48,439212,946,611
48,439313,944,614
48,439429,984,657
48,439529,1010,682
48,439646,1025,697
48,439746,1028,698
48,439846,1027,700
48,439963,922,783
48,440063,914,791
48,440163,879,820
48,440248,868,828
49,440429,868,827
49,440546,870,758
49,440646,879,703
49,440746,878,688
49,440846,878,686
49,440947,878,686
49,441063,878,686
49,441179,878,686
49,441296,878,686
49,441412,878,686
49,441513,878,686
49,441613,878,686
49,441729,878,686
49,441846,878,686
49,441963,878,686
49,442063,878,686
49,442163,878,686
49,442279,878,686
49,442379,878,686
49,442496,876,686
49,442597,876,686
49,442713,876,686
49,442830,892,632
49,442947,905,586
49,443062,908,559
49,443163,904,560
49,443263,904,560
49,443379,945,566
49,443479,847,527
49,443580,850,539
49,443696,858,597
49,443813,881,583
49,443913,892,607
49,444013,875,595
49,444129,864,589
49,444229,865,589
49,444329,914,642
49,444446,935,675
49,444546,939,679
49,444662,941,680
49,444763,990,629
49,444879,1009,599
49,444979,1010,592
49,445079,1010,592
49,445179,1029,552
49,445280,1051,468
49,445396,1028,419
49,445496,1028,414
49,445596,1028,414
49,445696,979,401
49,445812,976,396
49,445912,976,388
49,446029,965,363
49,446129,963,358
49,446246,886,331
49,446346,869,309
49,446462,830,283
49,446579,797,275
49,446679,772,262
49,446780,772,262
49,446896,703,402
49,447012,667,435
49,447129,653,428
49,447246,623,437
49,447346,613,439
49,447462,613,439
49,447579,640,435
49,447679,671,451
49,447796,681,458
49,447896,681,458
49,447997,673,487
49,448112,671,507
49,448212,671,509
49,448312,671,509
49,448413,691,541
49,448529,791,724
49,448645,798,755
49,448746,800,766
49,448863,806,792
49,448979,821,818
49,449076,821,819
50,449247,821,819
50,449363,821,819
50,449479,821,819
50,449579,821,819
50,449696,818,815
50,449796,816,811
50,449896,816,811
50,450013,815,809
50,450129,815,807
50,450229,815,807
50,450330,815,807
50,450445,815,807
50,450546,813,799
50,450647,813,799
50,450763,814,797
50,450879,832,768
50,450980,864,741
50,451096,876,712
50,451213,892,636
50,451329,890,582
50,451446,894,543
50,451546,898,525
50,451647,898,525
50,451762,912,512
50,451862,934,489
50,451980,939,493
50,452096,927,531
50,452196,919,563
50,452312,822,498
50,452413,795,539
50,452513,791,547
50,452629,777,569
50,452729,784,595
50,452829,787,603
50,452945,787,611
50,453046,787,613
50,453146,754,560
50,453247,741,552
50,453362,713,545
50,453463,711,545
50,453579,710,544
50,453679,710,544
50,453796,703,515
50,453912,702,504
50,454013,702,504
50,454113,703,498
50,454229,704,470
50,454329,698,440
50,454446,698,438
50,454546,691,409
50,454663,678,382
50,454763,678,368
50,454879,678,361
50,454996,683,354
50,455096,720,314
50,455196,740,298
50,455313,757,279
50,455414,774,255
50,455529,774,254
50,455629,819,322
50,455746,838,350
50,455863,838,350
50,455963,838,350
50,456079,838,352
50,456196,846,348
50,456312,922,327
50,456413,928,324
50,456513,928,324
50,456613,938,328
50,456713,1018,338
50,456830,1022,338
50,456946,1022,338
50,457046,1022,338
50,457147,1036,382
50,457262,1058,505
50,457363,1058,537
50,457479,1056,566
50,457580,1056,566
50,457696,1055,565
50,457796,1016,622
50,457896,928,728
50,458012,887,770
50,458112,865,797
50,458229,847,827
50,458266,847,827
51,458446,847,827
51,458562,854,761
51,458663,859,752
51,458779,859,752
51,458879,859,745
51,458996,854,743
51,459097,854,743
51,459212,854,743
51,459329,854,743
51,459446,855,742
51,459562,856,734
51,459662,851,725
51,459763,851,723
51,459863,851,723
51,459979,849,723
51,460079,849,723
51,460179,849,723
51,460279,849,723
51,460379,849,723
51,460480,849,723
51,460596,849,723
51,460712,849,723
51,460814,849,723
51,460930,849,723
51,461046,840,730
51,461146,833,736
51,461247,833,736
51,461362,831,757
51,461479,815,490
51,461596,807,511
51,461696,797,529
51,461812,767,575
51,461913,725,643
51,462029,703,662
51,462129,681,684
51,462230,681,684
51,462345,672,674
51,462463,630,636
51,462579,630,636
51,462696,630,636
51,462812,630,635
51,462912,621,561
51,463012,624,514
51,463129,628,461
51,463229,627,443
51,463346,627,443
51,463462,660,443
51,463579,819,463
51,463679,853,477
51,463795,889,494
51,463895,925,528
51,463996,932,537
51,464096,932,537
51,464213,976,443
51,464329,995,385
51,464445,1008,358
51,464546,1035,325
51,464662,1037,319
51,464763,1037,331
51,464879,1037,331
51,464979,1051,279
51,465080,1052,271
51,465196,1053,266
51,465312,1038,325
51,465412,1034,406
51,465529,1027,446
51,465629,1028,457
51,465746,1015,428
51,465846,923,315
51,465963,921,306
51,466079,911,283
51,466180,913,279
51,466296,915,279
51,466413,871,267
51,466513,837,269
51,466613,837,269
51,466729,825,269
51,466846,795,267
51,466962,774,257
51,467063,774,257
51,467179,767,423
51,467296,774,668
51,467396,770,704
51,467512,774,753
51,467612,787,790
51,467712,788,795
51,467829,793,800
51,467946,806,816
51,467956,806,816
52,468129,807,816
52,468229,805,816
52,468346,804,816
52,468447,804,815
52,468562,788,683
52,468679,789,633
52,468779,790,628
52,468896,790,628
52,469012,790,628
52,469129,790,628
52,469245,790,628
52,469346,790,628
52,469462,790,628
52,469562,790,628
52,469679,790,628
52,469779,790,628
52,469879,790,628
52,469980,790,628
52,470080,790,628
52,470196,790,628
52,470312,790,628
52,470412,790,629
52,470529,915,433
52,470645,950,506
52,470762,949,554
52,470862,940,536
52,470962,942,530
52,471079,952,546
52,471179,818,492
52,471280,823,516
52,471396,837,579
52,471496,840,583
52,471612,870,601
52,471712,875,591
52,471812,899,591
52,471912,928,606
52,472012,937,609
52,472112,937,609
52,472213,910,579
52,472329,893,561
52,472429,878,543
52,472530,878,543
52,472646,865,554
52,472762,810,589
52,472862,785,614
52,472979,782,615
52,473096,767,629
52,473212,707,685
52,473312,701,695
52,473412,701,695
52,473512,690,663
52,473629,642,474
52,473729,630,445
52,473845,605,368
52,473946,601,354
52,474063,601,348
52,474179,593,383
52,474296,585,437
52,474396,585,439
52,474512,586,438
52,474629,647,332
52,474746,711,278
52,474862,752,248
52,474962,758,241
52,475079,761,241
52,475195,826,256
52,475296,854,266
52,475413,866,274
52,475529,878,276
52,475646,913,276
52,475746,913,276
52,475846,913,276
52,475946,868,408
52,476062,755,694
52,476162,755,708
52,476262,776,741
52,476362,792,768
52,476479,814,796
52,476579,827,814
52,476645,827,814
53,476813,827,814
53,476913,827,814
53,477029,827,814
53,477130,827,814
53,477246,827,814
53,477346,827,814
53,477462,827,814
53,477563,827,814
53,477679,827,814
53,477779,827,814
53,477896,827,814
53,478013,827,814
53,478113,827,814
53,478213,827,814
53,478329,827,814
53,478429,827,814
53,478530,827,814
53,478630,827,814
53,478746,827,814
53,478846,827,814
53,478962,827,814
53,479080,842,791
53,479195,886,692
53,479296,921,655
53,479413,918,661
53,479529,918,661
53,479646,906,572
53,479762,910,494
53,479862,809,473
53,479979,791,450
53,480096,782,393
53,480196,769,338
53,480312,771,304
53,480429,777,289
53,480529,781,283
53,480630,784,283
53,480746,785,282
53,480862,886,326
53,480980,939,345
53,481096,951,347
53,481197,952,347
53,481312,955,349
53,481412,957,353
53,481512,1013,431
53,481613,1016,434
53,481729,1012,437
53,481845,687,470
53,481962,606,473
53,482062,583,468
53,482162,564,454
53,482262,565,453
53,482363,612,451
53,482479,612,451
53,482595,633,439
53,482696,661,433
53,482812,683,439
53,482912,695,443
53,483029,703,450
53,483145,769,504
53,483245,785,517
53,483346,787,518
53,483446,789,518
53,483562,788,558
53,483678,824,621
53,483779,870,615
53,483879,879,622
53,483979,914,686
53,484079,927,702
53,484179,935,709
53,484295,935,706
53,484396,934,671
53,484512,937,638
53,484612,937,632
53,484712,918,617
53,484813,898,604
53,484929,896,602
53,485046,882,672
53,485162,869,760
53,485262,868,778
53,485379,862,817
53,485477,860,823
54,485646,860,823
54,485762,850,807
54,485879,836,765
54,485995,824,686
54,486112,807,556
54,486212,800,501
54,486312,800,499
54,486412,800,499
54,486513,800,499
54,486613,800,499
54,486729,800,499
54,486846,800,499
54,486962,800,499
54,487062,800,499
54,487163,800,499
54,487279,800,499
54,487396,800,500
54,487496,822,468
54,487612,838,439
54,487713,839,435
54,487813,839,435
54,487930,847,426
54,488045,871,259
54,488146,878,230
54,488262,890,203
54,488362,890,201
54,488479,862,231
54,488579,854,235
54,488696,791,496
54,488812,751,546
54,488912,714,588
54,489012,700,605
54,489113,676,590
54,489228,645,535
54,489329,640,498
54,489429,639,497
54,489546,623,465
54,489662,617,443
54,489762,615,427
54,489862,615,427
54,489979,589,484
54,490079,589,484
54,490179,589,484
54,490295,625,525
54,490396,659,568
54,490496,659,570
54,490612,665,576
54,490729,669,600
54,490830,669,600
54,490945,666,674
54,491046,662,704
54,491162,662,705
54,491279,636,702
54,491379,618,695
54,491496,602,692
54,491612,600,692
54,491713,656,622
54,491829,809,411
54,491945,856,360
54,492046,890,324
54,492162,925,291
54,492262,942,276
54,492380,955,246
54,492480,955,246
54,492595,922,246
54,492696,917,245
54,492812,905,246
54,492912,900,254
54,493029,875,315
54,493145,872,326
54,493246,870,320
54,493362,874,278
54,493462,874,278
54,493579,866,332
54,493696,854,386
54,493812,854,386
54,493929,859,413
54,494045,860,451
54,494162,860,452
54,494279,880,477
54,494396,948,609
54,494512,970,650
54,494613,992,674
54,494729,1032,706
54,494829,1037,708
54,494929,1037,708
54,495045,947,750
54,495145,902,776
54,495262,866,815
54,495362,846,835
54,495479,844,837
54,495579,843,837
54,495662,841,835
55,495829,841,835
55,495929,841,835
55,496029,841,834
55,496129,837,823
55,496245,830,803
55,496346,826,795
55,496462,826,795
55,496562,826,795
55,496679,826,795
55,496795,826,795
55,496895,826,795
55,496995,826,795
55,497096,826,795
55,497212,826,795
55,497313,826,795
55,497413,826,795
55,497529,826,795
55,497630,826,795
55,497746,826,795
55,497846,826,795
55,497946,826,795
55,498046,826,795
55,498163,826,795
55,498279,831,791
55,498395,877,716
55,498495,899,686
55,498595,920,661
55,498696,947,641
55,498812,972,615
55,498912,831,466
55,499012,853,484
55,499112,882,528
55,499228,919,542
55,499329,958,637
55,499445,987,679
55,499545,999,693
55,499646,1003,697
55,499762,1017,695
55,499862,1017,695
55,499978,983,642
55,500079,970,620
55,500179,950,594
55,500296,950,592
55,500396,970,578
55,500512,999,549
55,500628,1008,535
55,500729,1019,505
55,500829,1019,505
55,500930,999,485
55,501045,960,441
55,501146,934,410
55,501262,934,410
55,501362,918,375
55,501479,903,332
55,501595,884,310
55,501695,828,273
55,501796,822,267
55,501912,822,267
55,502013,792,267
55,502129,759,267
55,502245,745,269
55,502345,655,390
55,502445,618,436
55,502546,608,450
55,502662,604,454
55,502762,604,457
55,502879,593,509
55,502979,593,511
55,503095,599,523
55,503212,686,617
55,503329,724,649
55,503429,724,649
55,503546,739,628
55,503646,751,568
55,503762,755,543
55,503878,755,540
55,503979,767,450
55,504079,767,437
55,504196,767,437
55,504312,772,449
55,504412,803,665
55,504512,819,800
55,504612,823,828
55,504712,823,828
55,504828,823,828
55,504832,823,828
56,505013,823,829
56,505113,823,829
56,505229,824,800
56,505345,829,769
56,505445,832,755
56,505546,832,755
56,505646,832,755
56,505746,832,755
56,505846,832,755
56,505946,832,755
56,506063,832,755
56,506179,832,755
56,506295,832,755
56,506396,832,755
56,506512,832,755
56,506613,832,755
56,506729,832,755
56,506829,832,755
56,506945,832,755
56,507046,832,755
56,507146,832,755
56,507262,832,755
56,507379,832,756
56,507479,832,756
56,507595,847,738
56,507695,847,738
56,507812,847,730
56,507912,847,724
56,508013,814,481
56,508128,805,481
56,508229,796,481
56,508329,790,483
56,508429,788,484
56,508529,785,495
56,508646,773,533
56,508762,737,563
56,508862,716,573
56,508979,676,599
56,509080,676,599
56,509195,676,599
56,509296,733,637
56,509412,779,650
56,509529,785,650
56,509646,827,673
56,509762,832,677
56,509862,849,691
56,509979,867,705
56,510095,911,711
56,510212,940,713
56,510328,940,713
56,510429,940,713
56,510545,962,625
56,510645,977,423
56,510762,996,260
56,510863,1003,242
56,510978,1010,228
56,511078,1041,248
56,511179,1051,263
56,511296,1038,267
56,511412,991,277
56,511529,928,287
56,511646,892,289
56,511762,862,288
56,511862,860,288
56,511962,860,297
56,512062,868,375
56,512162,868,376
56,512263,850,372
56,512378,706,355
56,512478,706,343
56,512579,703,300
56,512696,686,288
56,512812,651,290
56,512912,641,287
56,513029,621,277
56,513129,621,277
56,513245,612,305
56,513362,602,340
56,513463,602,341
56,513563,603,362
56,513678,617,423
56,513779,619,440
56,513895,619,442
56,514012,629,440
56,514112,629,440
56,514212,629,440
56,514328,642,452
56,514428,655,472
56,514529,655,472
56,514646,656,438
56,514762,670,425
56,514862,670,425
56,514978,697,494
56,515012,713,543
57,515196,769,700
57,515296,777,717
57,515412,779,723
57,515529,778,706
57,515629,778,706
57,515745,778,706
57,515862,783,691
57,515978,784,693
57,516095,784,694
57,516195,784,694
57,516312,784,694
57,516412,784,694
57,516529,784,694
57,516629,784,694
57,516745,784,694
57,516845,784,694
57,516945,784,694
57,517062,784,694
57,517162,784,694
57,517262,796,685
57,517379,801,682
57,517479,801,682
57,517579,803,682
57,517695,805,673
57,517796,834,623
57,517912,882,512
57,518028,897,489
57,518129,897,489
57,518245,842,464
57,518346,876,423
57,518462,893,412
57,518562,940,394
57,518663,1004,307
57,518778,1012,294
57,518879,1020,268
57,518979,1024,261
57,519095,1015,328
57,519212,1012,349
57,519328,1010,349
57,519429,897,315
57,519545,852,291
57,519645,852,290
57,519762,836,274
57,519879,827,278
57,519979,781,282
57,520095,776,284
57,520212,735,302
57,520312,613,352
57,520412,608,354
57,520528,577,383
57,520628,577,383
57,520729,577,383
57,520845,631,553
57,520945,630,666
57,521062,628,672
57,521179,628,672
57,521295,625,644
57,521412,627,638
57,521529,628,638
57,521629,628,638
57,521745,661,628
57,521846,661,628
57,521962,666,650
57,522062,679,696
57,522179,679,697
57,522279,749,675
57,522395,936,602
57,522496,936,602
57,522612,973,649
57,522729,1005,688
57,522829,1029,712
57,522945,1043,728
57,523046,1014,688
57,523162,972,635
57,523279,954,606
57,523395,950,598
57,523495,937,624
57,523612,848,816
57,523712,843,836
57,523829,843,836
57,523929,843,837
57,524029,842,835
57,524129,842,811
57,524231,842,809
58,524412,842,809
58,524512,842,809
58,524629,842,809
58,524730,845,803
58,524845,849,787
58,524946,849,787
58,525046,849,787
58,525163,849,787
58,525279,849,787
58,525396,849,787
58,525512,849,787
58,525612,849,787
58,525728,849,787
58,525829,849,787
58,525946,849,787
58,526062,849,787
58,526162,849,787
58,526262,849,787
58,526379,848,789
58,526495,848,790
58,526612,871,747
58,526713,874,733
58,526830,868,714
58,526945,858,710
58,527046,844,706
58,527163,839,705
58,527279,812,714
58,527379,787,723
58,527495,795,499
58,527596,777,516
58,527712,762,555
58,527828,756,603
58,527929,744,653
58,528045,723,681
58,528146,691,715
58,528262,690,715
58,528362,690,715
58,528478,736,683
58,528579,741,679
58,528679,742,679
58,528795,765,663
58,528895,800,632
58,529012,827,600
58,529128,846,580
58,529228,846,580
58,529329,846,580
58,529445,842,584
58,529561,819,578
58,529662,801,556
58,529779,778,537
58,529895,777,535
58,530011,741,546
58,530112,706,566
58,530212,689,572
58,530313,689,572
58,530428,678,572
58,530529,636,559
58,530629,634,558
58,530745,648,536
58,530862,664,520
58,530978,670,516
58,531078,667,516
58,531195,601,534
58,531296,601,535
58,531412,705,508
58,531512,803,475
58,531612,845,439
58,531728,892,415
58,531829,926,433
58,531945,991,421
58,532062,1011,411
58,532163,1011,411
58,532278,1011,411
58,532378,1011,411
58,532479,928,434
58,532595,928,434
58,532696,928,434
58,532812,912,435
58,532912,872,442
58,533028,872,442
58,533128,872,443
58,533245,874,392
58,533361,874,392
58,533461,876,370
58,533562,876,369
58,533678,855,430
58,533795,800,556
58,533911,759,607
58,534011,748,706
58,534112,776,745
58,534212,783,756
58,534328,800,777
58,534429,820,804
58,534429,820,804
59,534612,820,804
59,534712,820,804
59,534828,820,804
59,534945,822,796
59,535045,850,732
59,535145,850,732
59,535246,850,732
59,535346,850,732
59,535462,850,732
59,535579,850,732
59,535695,850,732
59,535796,850,732
59,535911,847,718
59,536012,847,718
59,536129,847,718
59,536245,847,719
59,536362,847,719
59,536479,847,719
59,536596,871,684
59,536712,886,660
59,536812,886,660
59,536928,886,659
59,537045,897,643
59,537145,878,662
59,537262,878,662
59,537362,872,654
59,537478,809,623
59,537578,752,579
59,537678,804,466
59,537778,790,446
59,537895,780,425
59,537995,739,387
59,538095,693,360
59,538195,663,327
59,538313,626,294
59,538428,594,272
59,538529,593,268
59,538645,589,290
59,538745,589,326
59,538845,589,326
59,538945,589,326
59,539062,721,302
59,539179,759,263
59,539295,801,231
59,539412,804,231
59,539512,840,272
59,539628,951,361
59,539745,999,409
59,539861,1027,438
59,539978,1039,448
59,540079,1037,448
59,540195,985,442
59,540295,978,436
59,540412,976,436
59,540512,908,522
59,540612,898,535
59,540713,898,535
59,540829,877,553
59,540945,847,575
59,541045,813,606
59,541162,794,617
59,541262,764,620
59,541362,759,620
59,541478,725,621
59,541595,580,639
59,541695,580,640
59,541812,637,644
59,541928,865,692
59,542028,967,727
59,542128,1012,741
59,542229,1018,741
59,542329,1026,740
59,542446,1013,740
59,542546,932,788
59,542661,901,821
59,542762,897,823
59,542879,874,840
59,542996,874,841
59,543112,873,841
59,543229,866,825
59,543323,859,814
60,543495,859,814
60,543613,859,814
60,543729,854,814
60,543845,871,777
60,543945,894,723
60,544046,894,723
60,544162,894,723
60,544262,899,693
60,544379,899,693
60,544479,899,693
60,544595,899,693
60,544695,899,693
60,544812,899,693
60,544928,899,693
60,545029,899,693
60,545129,899,693
60,545245,899,693
60,545362,899,693
60,545462,899,693
60,545578,899,693
60,545678,899,693
60,545795,899,693
60,545895,899,693
60,546011,926,649
60,546111,923,614
60,546211,923,583
60,546311,930,541
60,546412,926,506
60,546528,818,450
60,546628,819,399
60,546745,815,379
60,546845,801,347
60,546962,832,310
60,547079,857,277
60,547179,881,243
60,547296,881,243
60,547412,911,240
60,547528,989,235
60,547629,1010,233
60,547745,1010,233
60,547846,1010,233
60,547961,1013,289
60,548062,1016,299
60,548163,1016,299
60,548278,1027,343
60,548395,1030,396
60,548495,1060,353
60,548595,1064,346
60,548712,1064,346
60,548828,989,491
60,548945,910,677
60,549046,882,713
60,549162,857,716
60,549278,858,673
60,549395,869,645
60,549512,871,633
60,549628,870,645
60,549728,867,691
60,549828,867,693
60,549945,899,697
60,550045,942,680
60,550162,944,679
60,550278,988,693
60,550379,1019,703
60,550495,1019,703
60,550611,1005,695
60,550711,869,597
60,550812,834,556
60,550928,793,525
60,551028,784,513
60,551129,783,513
60,551245,708,410
60,551361,682,370
60,551462,682,367
60,551579,682,362
60,551695,626,327
60,551796,623,319
60,551912,623,319
60,552028,623,320
60,552129,673,476
60,552246,795,734
60,552363,833,862
60,552478,841,894
60,552595,841,894
60,552712,829,844
60,552812,824,804
60,552893,824,800